"","PL","PH","RL","RH","PLCS","PLCA"
"PL",NA,4.08345261810581e-09,NA,9.44577322913469e-14,6.68487224176226e-18,6.68487224176226e-18
"PH",NA,NA,0.000105885755616866,NA,NA,NA
"RL",NA,2.01391039049213e-17,NA,1.56298337485154e-23,1.10446952016705e-28,1.10446952016705e-28
"RH",0.00261308522053494,NA,1.75901439319552e-05,NA,NA,NA
"PLCS",2.13274653323894e-26,3.9155513148898e-05,4.67759402055236e-40,NA,NA,NA
"PLCA",3.33350713114105e-27,2.20053704912549e-05,4.63826525351348e-41,NA,NA,NA
